title,writer,company,isbn,loc
별 헤는 아이 윤동주,우현옥,다산북스,9788901071749 ,AA31
우당탕탕 세상을 바꾼 과학,김용준,창비,9788952210593 ,AA31
놀면서 배우는 한국축제,유경숙,시공사,9788995545232 ,AA37
참새 잡으러 갈까?,정주일,영림카디널,9788996205517 ,AA37
우리 할머니,제시카 셰퍼드,창비,9788970907178 ,AA31
문학으로 배우는 세계사,심중수,쌤엔파커스,9788985599566 ,AA31
마법의 주문,길선영 ?,샘소북스,9788993460018 ,AA37
세계를 움직이는 국제기구,박동석,영림카디널,9788955965254 ,AA37
모두가 행복할 권리 인권,"바바라 피크자, 도라 씨스시",다산북스,9788952755353 ,AA39
돌아보지 말고 뛰어,리아 배서프 로라 데루카/,영림카디널,9788960861107 ,AA39
열일곱 살의 비밀,바히니 나이두,알에이치코리아,9788984054714 ,AA01
공룡 똥,앤드루 윌 (권규헌 역),시공사,9788961220996 ,AA70
도시는 어떻게 만들어졌을까,에릭 바튀,북이십일,9788980712472 ,AA01
너를 사랑해,미셸 피크말,알에이치코리아,9788939523227 ,AA45
자전거 도둑,리타 프틀,영림카디널,9788936458010 ,AA39
로지의 병아리,팻 허친스,시공사0,9788949181653 ,AA48
굿바이 제이제이,앤 캐시디,알에이치코리아,9788990611765 ,AA39
우리 엄마는 외국인,줄리안 무어,북이십일,9788939206151 ,AA39
"대단해,아담!",에다 라이늘,알에이치코리아,9788973433032 ,AA37
어린 왕자,박민선,위즈덤하우스,9788963700274 ,AA37
엄마 배터리,이송현,창비,9788952731968 ,AA39
넘어져도 괜찮아!,일란 브렌만,시공사,9788961457163 ,AA01
세상에서 제일 무거운 황금접시,버나뎃 와츠,북이십일,9788963212036 ,AA37
소원의 나비,전윤호,샘소북스,9788957973639 ,AA01
정답을 알려 줘,재닛 S.웡,알에이치코리아,9788925118444 ,AA37
놀면서 배우는 세계 축제 2,유경숙,시공사,9788954608299 ,AA44
놀면서 배우는 세계 축제 1,유경숙,시공사0,9788936803865 ,AA37
세계의 기념일,박동석,북이십일,9788972754374 ,AA31
복작복작 세상을 바꾸는 법칙,박동석,창비,9788991814950 ,AA37
"나, 여기 있어요!",케리 페이건,다산북스,9788979380330 ,AA37
도서관에 나타난 해적,나디아 알리,쌤엔파커스,9788952755490 ,AA39
아름다운 반역자들,조이 크리스데일,위즈덤하우스,9788961592970 ,AA31
안전 대장 리시토,엘 에마토크리티코,창비,9788949121154 ,AA47
우리 친구 할래?,버나뎃 와츠,위즈덤하우스,9788991992795 ,AA37
비야 놀자!,유명금,북이십일,9788961728058 ,AA44
"세계의 상징, 깃발",롭 콜슨,시공사0,9788971993415 ,AA01
지킬의 거울,윌리엄 허시,영림카디널,9788992235655 ,AA39
호랑이 형님,우현옥,쌤엔파커스,9788959980673 ,AA39
왼손도 괜찮아!,마리아 테레지아 뢰슬러 (김서정 역),시공사,9788901095912 ,AA39
평화 마을을 찾아서,상드린 뒤마 루아 (박철화 역),알에이치코리아,9788939206168 ,AA37
슈퍼스타 액션 스턴트보이,키아란 머타흐,시공사0,9788980596164 ,AA44
(친절한 호랑이 칼레의) 행복한 줄무늬 선물,야스민 셰퍼,다산북스,9788925834573 ,AA39
(어린이를 위한) 그리스 신화 교실,강대진,다산북스,9788961220996 ,AA39
없는 발견,마르틴쉬 주티스,시공사,9788980712472 ,AA37
겨울이 궁금한 곰,옥사나 불라,알에이치코리아,9788939523227 ,AA40
나무 그늘을 산 총각,권규헌,알에이치코리아,9788949181653 ,AA44
"책, 즐겁게 읽는 법",박동석,다산북스,9788990611765 ,AA39
전쟁과 다람쥐,이동하,북이십일,9788939206151 ,AA70
휴대폰에서 나를 구해 줘!,다미안 몬텐스,알에이치코리아,9788985712835 ,AA39
빅데이터,안지선,시공사,9788985712835 ,AA39
엄마 언제 와?,김수정,창비,9788973432813 ,AA39
소금을 만드는 맷돌,권규헌,쌤엔파커스,9788973432813 ,AA39
발터 벤야민의 수수께끼 라디오,발터 벤야민,다산북스,9788984313378 ,AA39
피아골 아기 고래,박예분,시공사,9788934934615 ,AA39
깊은 산속 작은 연못에,이은빈,창비,9788901092942 ,AA41
병어 공주와 빨간 실,문진영,위즈덤하우스,9788984285941 ,AA39
단물이 내리는 정자,서동애,다산북스,9788962600780 ,AA41
네가 태어난 걸 축하해,주하정,샘소북스,9788984285590 ,AA01
욕쟁이와 멍텅구리,제임스 패터슨&크리스 그레벤스타인,위즈덤하우스,9788984285590 ,AA57
거인의 정원,권규헌,알에이치코리아,9788949187068 ,AA39
크리스마스 구출 소동,티머시 냅맨,시공사0,9788949187068 ,AA39
스스로 학교,리자 클라인만,쌤엔파커스,9788991945197 ,AA39
난쟁이와 구둣방 할아버지,권규헌,영림카디널,9788996187653 ,AA39
선인장의 일생에서 아주 잠깐 스쳐 지나가는,더스티 볼링,알에이치코리아,9788991373532 ,AA39
내일의 동물원,에릭 바튀,시공사0,9788983782496 ,AA39
오밀조밀 세상을 만든 수학,김용준,알에이치코리아,9788983782496 ,AA37
형이 형인 까닭은?,선안나,북이십일,9788983758613 ,AA39
송아지와 바꾼 무,김온유,북이십일,9788901097732 ,AA39
우리 학교에서 여학생은 나 혼자뿐,내털리 스탠디포드,샘소북스,9788901097466 ,AA46
무지개 롤리팝,박나경,알에이치코리아,9788901097466 ,AA39
파랑새,우현옥,북이십일,9788996006923 ,AA31
슬픔을 만난 개,루따 브리에데,창비,9788990989376 ,AA64
(개정) 행복한 늑대,엘 에마토크리티코,쌤엔파커스,9788963700298 ,AA37
어린이의 권리를 선언합니다,반나 체르체나,창비,9788993642063 ,AA37
(장화 신은 늑대와) 무적의 고양이 장군,엘 에마토크리티코,샘소북스,9788901097701 ,AA37
(개정) 소가 된 게으름뱅이,우현옥,쌤엔파커스,9788901097701 ,AA70
(개정) 솥 안에 넣어둔 돈,우현옥,영림카디널,9788990872654 ,AA01
초콜릿어 할 줄 알아?,캐스 래스터,시공사,9788972754367 ,AA64
라푼젤 머릿니 소탕 작전,엘 에마토크리티코,북이십일,9788972754367 ,AA37
상품 속 세계사,심중수,샘소북스,9788993480177 ,AA37
"안녕, 나의 스웨터",조영글,샘소북스,9788991995598 ,AA46
천장 위의 아이,비베카 훼그렌,쌤엔파커스,9788952210982 ,AA37
나의 두발자전거,세바스티앙 플롱,북이십일,9788925533063 ,AA37
(개정) 금을 버린 형제,우현옥,샘소북스,9788991926677 ,AA64
로지의 산책,팻 허친스,북이십일,9788991926684 ,AA57
"누가 뭐래도, 그로토니!",브누아 프레트세이,북이십일,9788991926691 ,AA57
너의 플레이리스트,마이클 루벤스,시공사,9788991926547 ,AA64
그래도 나는,김주경,위즈덤하우스,9788991926714 ,AA57
과학의 우주적 대실수,루카 페리,창비,9788991926721 ,AA64
단위가 뭐예요?,하이디 키들러,북이십일,9788993437034 ,AA64
돈이 뭐예요?,하이디 키들러,영림카디널,9788991926738 ,AA37
디스코 파티,프라우케 앙엘,영림카디널,9788991926745 ,AA37
구석구석 세계의 에티켓 여행,박동석,북이십일,9788991926752 ,AA64
우리가 잠든 사이에,믹 잭슨,북이십일,9788991926769 ,AA64
